,Name,Seq,Predicted,KI (nM) Predicted
0,A0A699VUS0,THDDVDQENVVEETVDDVAQPTSPLPPSPSVPPSPPHQSPRSSPSQAAEGTSILV,Negative,
1,A0A7I9YXR2,MSAQDKVKNKIEDVSGKAKEALGKATNDPGVRDEGRGDQTKASLKDAGEKVKDAFKK,Negative,
2,A0A0A6ZHE3,MVQIKFLFAFLAVMTIVVLAANMADADFLSGKFKGGCMMWSTEKCRRLCKEQGAVSGHCSTNFKCWCEE,Negative,
3,A0A7W8YT97,MFKQFLDKVDGNQGYLLSSLGIFMLFFLLVGILLLTMKKDDIKYMSELPIKDDQDERGN,Negative,
4,L1P496,MHGSICSSANYLPLPTLPALGRRGGSLVHGGFSVSETSFPPLRLGADKGEKGRLKP,Negative,
5,Q5Z0N8,MPVSATESSTTPTARPAIEGESPVVWPDPSPLTGWWERVMRGGPVDRTPARRDAA,Negative,
6,A0A4V2REQ9,MGAKFEVFKDGRGEYRFRLKAPNGQIIASSEGYKSKDSALNGVASVKKNAADAIVDDQS,Negative,
7,A0A375IAT7,MKKLIAALVVGLFATGAFAQAAAPAPAEPAAPAATKEAPKKTTKKKATHKKHSKKKETAPAAAPAA,Negative,
8,A0A524LF58,MSGQGSTGNVIAALASFFIPGLGQLLQGRLLIAIVMFVLAAALWFILLGWIIHLWSILDAAMFKTK,Negative,
9,A0A7Z0HL73,MTTPELTRREKRPAERYGERTARPEKLRNIEVWARSAPIRLAGYEDDLAEPHILPGID,Negative,
10,A0A0L1NF93,MNIQRAKELSVSAEHANVSFQGMPVMIQHVDESNETARIYEVKNPGRELTVPVNSLEEI,Negative,
11,H1QGQ7,MHRWRFESADGDDGRPAGDGEGRPAGGHEGRSAEGDGDQQARGEADRPVE,Positive,3.953143559561559
12,H4IHK7,MNNNEPDTLPDPAIGYIFQNDILALKQAFSLPDIDYADISQREQLAAALKRWPLLAEFAQQK,Negative,
13,A0A2U8GW77,MPGIRVKENEPFEVAIRRFKRTIEKTGVLTELRSREFYEKPTAERKRKLAAAVKRNHKRLRSQTLPPKLY,Negative,
14,A0A7K2P8R6,ATGTPSGAVPEVGAVEQPVVEIDVEAPAVAVQGAYDTAGPRQAAATPGSGPG,Negative,
15,A0A6B5IMJ6,EDGDSDLTIEEIDLIGSHLDKEIEDCAQIRKQTRKKELKDETVDAHLFLELF,Negative,
16,A0A3B9LF71,MRNGVQFLTDETGKKTGVVLPVSEYEKLLEDLQDLAVVAERRGEPSIPHDEFIAELKRDGLL,Negative,
17,B4Y7L8,TDSSIISAGWEPTEENEDERDRHPSYSGSGIDDDEDFI,Negative,
18,G4HQW5,MRIRSNPAKCVGAGTCAALAPAVFDQDENSGIVEVVDENPPESERKIIEEAVEFCPAQAIWIDED,Negative,
19,A0A1H6WJY6,MKNDIAIGQMQGLRWASNEARRIASLYPPSSDGQNTFALHADACDREAERVTADLIEWEGGEV,Negative,
20,E8JVV0,MAQIKITLTKSPIGRIPSQRKTVVALGLGKLNSSVIKEDNPAVRGMITAVSHLVTVEEVK,Negative,
21,R5Q569,MVKIENYLKENGESKTNDIAEYLNLSSARTRKILSEMKTIEAIGTNTNRKYRLKDNQK,Negative,
22,A0A7W7AJZ1,MSKIDEVQSEIKATPGLGKKMAKYGAIGAVVAIPIPFVGPVFGALAGAAIAYAKRRD,Negative,
23,W4JSH1,RKTAQKSPLQPSGNLYLPALPQQQKAREANTKWQTILRQVRTTNLTNKPCSQTI,Negative,
24,A0A7X2IYC3,MMAQIRLLGKREEVNKIIQSFEQDFTITSTSREVCNLKDREEGQKHEKVFLEVELKKD,Negative,
25,A0A6J7GK72,MRWTDAVNALYRIELHRNPTALAANGGAWRGLDDPTPAKAEAEAEAEAESRCSDGNAQVIALRSRSQTIR,Negative,
26,A0A7W6VXK9,MLEGAAGVFGADASTAQGPPVDLKALHAKIGELALENDFLEGALIKAGMLSAKR,Negative,
27,A0A7W1WS82,MKELIIKAKGKRGRDIEVLVDGQPVEGLKYIQFEADIEGPIELSVMGYGVDFLNGNKTK,Negative,
28,A0A7X0G9P5,MALWPLTTVGAPWVPLAAAVPTAAALAIILASRRGGYPAGPRETRSQVDLSTNH,Negative,
29,A0A1B2IVD2,MENRVNESRQNLQQCEFATQSERLTQRVAKLLHLQPIETATIHGGHGQECGTVTLSVAV,Negative,
30,A0A1I5X0U8,MAFDVSYLLLQVTQQCNLCCPYCFYSEEYPNTRSATNKKMNIETAKIESRTLFYLFIFSR,Negative,
31,A0A538MMP2,TLVRTLLEHDLVDELRLMVYPILLGSGKRLFGDSASGKAFRLLELRAVGDDGVVILRYEPVRA,Negative,
32,A0A434JR87,IEDGEKPAGSGACLGHIPLAEGIERFGA,Negative,
33,A0A0K2T0Y8,MFNESPILTLRACKSPITQFVLLFETFLFLKELSDSVPLRSLFLIFGQTIILSLSHEF,Negative,
34,A0A150KLU2,MQIEIEIKKMRVITDSDATSEQLLQALNKTLLAGVEPLEIIQKLYLLGQLQQKSFKSLSEQFEDFM,Negative,
35,A0A6A6DU41,MLAVLEPTLHTLIFLIYPVNAKTLVLLVARHCRLIVISRLSDTKLNRRTSMAIPNYFSILS,Negative,
36,A0A7X2WR87,MDRKISYPHFGDNSGDNPLSYPHTGHNLVDSLGITFRAHNRCLRNAVRRDMRVSVPIDSS,Negative,
37,A0A1G7K008,MKLTKLKLARLRAGLKQTELAKMLGVSPSYINKIENNAVKPTMELLFKLCRLLDISPYELD,Negative,
38,A0A7K1SF48,MCHTPEVRGYGDKKPGGLASEPANVARPEFWWAGKAAGLGNPPHRRTAWGKIVVGE,Negative,
39,A0A3M7PSL2,NFSGKILFCCFINNVKRNTLAIEKVSYETPKPSNEAVQSQSIQVVFYVNCVVSWGKRNIFISKN,Negative,
40,A0A7K1YEH0,MEKFSKLKELIASVEADAEKFYNNSNNAAGTRVRKAMQDLKNLAQEIRTEVTEIKNKA,Negative,
41,S9VW97,MGGYSVLLVGLLTALLCVISYYFAPKGSNTNTWQMTLILTFSCCYILWAITYLAQLHPLESPTRVLE,Negative,
42,M6IAV0,MTLVLTKASSVKKFSTNFTKLGLKSTSSFIDFDSFCTGSEIFSFEIGFTTSLKFLVIE,Negative,
43,A0A392PQT1,MFERSSVSPPAGISLPPLSSLNHHE,Negative,
44,A0A173J4X2,MPTQNPHRIVGLCTSSKVYNALTELKHLEGHRTAKFLSLLAENLVRKGFLNEHEIVHMLDQVVD,Negative,
45,T0N6R1,MSSFWLKVLACVIMLIDHVGAIFFPKLWGLRVIGRLAFPIFSFFISRGLYKNFKLN,Negative,
46,A0A7V7JLU7,AEELSPPASVATVGGLLDWLKTRSERHAAAFAEPSRLRAAVNQDFAGLDHPLKPADEVAFFPPVTGG,Negative,
47,A0A6M6ICZ3,MFRARQILVRTIVLAVSTAAFAACGQRGPLYLPTDPAAAQRATLPETLNPAASRAPASSPVDSASTTRP,Negative,
48,T4VPV3,MNKQTICKDKNCKFFKTCLIKDVEILKKCTGREVKTSNQKVVG,Negative,
49,A0A1X3MW98,MLCTFNVNIKHSNLHNKNIDKHIVLKFLGTAVMGILESYVLGEIDNDIEYVAMQVGLETT,Negative,
50,A0A5Q3QS16,MNMNTKDHCYAKSIILQAVYFKLRFTLSYRDVEEIIKMGVVFVDHATIQRRVYKFTPH,Negative,
51,V6UN32,MAGDFLGQGPLLLAAAALGPLSVPARSTGATARADWALSADVLLVGTAVTAALLAIEQA,Negative,
52,A0A395Z784,MSIMHKKLMQIVLVKGLDIQDIVTLKKYDKKVKKFLTNKIGDDILIKLSARKADDLNTDL,Negative,
53,A0A349XYA6,MSGFTTVLALIVMGLVVIVLIRGLFNMLKGQDANRSNKLMQLRLLLQAIAIALIMLTLWLTGGGR,Negative,
54,A0A1M6C5T9,MILRGIALSLGKVLAVLAALAALASRFTSCLLCVYQPEMPQKVRNMKGLSGIIDSH,Negative,
55,A0A6I5N5G3,MEDFFRNVSRYPRYFISFTLGVLYNALQPLLPLLKRPTTAVALIGSVIAGFLFLSFTLRAMLGLS,Negative,
56,A0A1H7WRT9,MKKLSNLEGVVVLSKKAQKTVHGGDYVMSSCSDYCPGTVQGNIFTGQCTCITGE,Negative,
57,A0A7W0SMF1,MTDPRNDDKKDGSNWVGGSVLGVGIGAGVGAIVGNLGNGIWIGAVIGVGLGLLMMQLRR,Negative,
58,B4Y7M7,TDSSIISAGWEPTEENEDERDRHPSYSGSGIDDDEDFI,Negative,
59,A0A1C4D5Q1,MGRTKQGNRNAQANTNAKRGNRTSSEMVEFTTGRAKAEKNRPQD,Negative,
60,A0A2H6JUL2,MLIGEAEFKLRAVKILFENGEYSDVISRALSYLVIS,Negative,
61,A0A379M3S6,MGLRGSGSAARTHPLSAAPNFFTSGLHAAFDDGMQAVEWNFAGQGPDDGETKAVTRT,Negative,
62,B0N079,MKRIYRSRQDRMVCGVCGGIAEYFDLDPSLVRLGWIIFSAMGGSGFIAYIIAAIVIPSR,Negative,
63,A0A1M6PH39,MNLDTFQNKLILILSYVDKLKRENVPINTQRILIQTYANDLEINLTSDMVYEILSFSFTNRPSCQIH,Negative,
64,A0A0A0NJ57,MREPCISDRDRGWFKSSYSGAGNTECVEAAFRPGSTAVRDSKDPGGPVIGVSHRAWVDFVTAVRDGQLG,Negative,
65,A0A7Z2XC48,MNLSSMVKGILLALIFLGLMAGVLPSGAQLVRMGGSSWFLVGQSAERAGPYYVASAF,Negative,
66,A0A1V3WIU2,MHRPIQPDSQISTGLTSRSGNAGDTAADAELRIGPQRSAHRLSAVVSRVSKGWLAGARAA,Negative,
67,A0A1M6SHT4,MKRTFQPHNRKRVNKHGFMTRMEDRWGRAVLSRRRAKGRKRLTISDTIYKK,Negative,
